token,count
bet,5740
starbucks,5480
this,3041
want,2852
the,2831
and,2550
you,2030
subway,1949
i'm,1503
all,1391
some,1370
not,1311
for,1260
that,1190
mcdonalds,1106
when,1066
was,1026
she,1000
love,975
much,931
walmart,882
with,843
playing,809
best,776
just,768
look,750
like,734
god,732
amp,730
cry,718
dominos,712
trying,706
song,697
really,686
need,659
from,655
his,622
they,600
get,596
but,570
now,553
wish,546
craving,539
can't,497
did,485
have,440
who,439
her,437
guy,423
omg,417
someone,402
good,399
said,392
right,387
how,376
bring,373
know,368
don't,368
are,362
your,360
sounds,358
one,357
got,351
him,349
would,348
https,348
why,346
shit,346
girl,344
delivery,343
out,330
money,327
can,312
it's,311
what,307
say,278
had,273
their,270
miss,269
about,268
video,262
man,258
work,255
y'all,253
pls,250
forgot,250
chanyeol,248
after,248
looking,246
goes,245
ass,245
without,239
too,238
face,235
time,235
please,229
concert,228
yesterday,228
back,227
watching,226
even,220
sat,220
friends,217
tiller,217
aftr,213
wallet,213
won't,211
smiling,208
bad,207
life,207
been,205
wanna,201
food,201
our,199
ask,196
there,195
fooling,191
runningmanchallenge,191
lol,190
make,187
them,185
going,183
crying,180
lmao,178
better,176
mcchicken,175
see,173
old,169
more,168
damn,165
finna,164
he's,164
fuck,163
sssniperwolf,163
day,163
will,162
well,162
cookies,162
while,159
only,157
made,156
petty,156
beautiful,155
still,154
yall,154
that's,152
nigga,150
people,149
awards,147
every,146
could,145
these,145
tryna,144
hate,144
bitch,143
cause,143
coffee,143
let,141
first,140
voice,139
down,135
today,135
meant,134
dude,133
into,131
gonna,130
always,130
where's,130
gone,129
ain't,129
take,129
emojis,128
seat,128
than,128
baekhyun,127
bae,127
never,126
arsenal,124
pizza,124
explain,124
cutesy,124
eating,124
bec,124
guys,124
name,123
think,123
real,123
eat,122
reaction,121
i've,121
night,120
spoilt,118
camila,118
backstage,117
hearing,117
doing,117
i'll,116
then,115
mcdonald's,112
asked,111
come,111
were,109
you're,109
same,109
taco,107
way,107
bruh,106
sooooo,106
didn't,106
bell,106
ice,105
whole,105
sure,104
off,104
went,104
last,103
looks,103
year,103
thing,103
delivered,102
white,101
has,101
britney,98
ever,97
ellen,96
next,96
pumpkin,95
school,95
put,95
hell,92
away,92
dead,91
bomb,91
game,91
before,91
stop,91
since,89
fucking,89
kill,89
those,89
ran,89
because,88
wtf,87
campus,87
morning,87
friend,87
tomorrow,87
buy,87
yes,87
easy,86
give,86
cute,85
takes,85
literally,85
feel,85
chick,84
wait,83
dolphin,83
fill,83
tho,83
hungry,83
super,83
bud,83
home,82
sleep,82
getting,81
delicious,81
fil,81
bro,80
perfect,80
asf,79
there's,79
front,78
latte,78
drink,77
somebody,77
gotta,77
isn't,77
here,77
spice,76
everybody,76
where,76
needs,75
nothing,75
uhm,75
tortas,75
its,75
lil,75
taste,75
nuggets,74
again,74
teachers,74
swear,73
started,73
soooo,73
sensational,73
niggas,72
many,72
worth,72
tell,71
wendy's,71
does,71
bitches,71
lost,71
idk,71
five,71
show,70
free,70
ppl,70
saw,70
breakfast,70
find,69
seriously,69
fries,68
drive,67
hot,67
try,67
new,66
long,66
tea,66
week,65
cries,64
girls,64
kiss,63
big,63
order,63
told,63
wrong,63
twitter,63
bean,63
music,63
use,63
sleeping,63
what's,63
vmas,63
lives,62
great,62
weren't,62
jesus,62
latin,61
underwater,61
aldubadvocatesoflove,61
cam,61
nao,61
guess,61
haven't,61
already,61
forever,60
everything,60
watch,60
black,60
lit,60
fairfield,59
myself,59
over,59
happy,57
catch,57
calm,57
years,57
picture,57
vanilla,57
remember,57
movie,56
hit,56
zaxbys,56
holy,56
came,56
wings,55
says,55
chicken,55
chocolate,55
phone,55
start,53
ugh,53
hair,53
turn,53
nobody,53
united,53
caramel,53
calling,53
house,52
run,52
done,52
barista,52
seen,52
mom,52
channel,51
mentioned,51
frappe,51
sacramento,51
wanting,51
tropical,50
crazy,50
cream,50
kfc,50
though,50
spoil,49
through,49
ready,49
being,49
deliver,49
they're,49
hrs,49
wanted,49
should,48
times,48
something,48
lmfao,48
season,48
bread,48
she's,48
open,48
sad,47
sweet,47
little,47
bout,47
wonderful,47
sandwich,46
win,46
fight,46
any,46
things,46
true,46
boy,46
class,46
anything,46
tired,46
personality,45
ima,45
okay,45
soon,45
having,45
especially,45
nice,45
thinking,44
thought,44
would've,44
hard,44
tbh,44
shake,43
baby,43
wrote,43
paying,43
sound,43
help,43
nah,42
mad,42
pic,42
jordan's,42
stopped,42
sell,42
ex',42
broke,42
left,41
forget,41
type,41
strange,41
smh,41
talking,41
thru,41
nudes,41
send,40
everyday,40
longest,40
coming,40
sooo,40
end,40
yeah,40
head,39
amazing,39
outta,39
crowd,39
kids,39
mode,39
attention,39
wearing,39
birthday,39
probably,39
live,39
half,39
milk,38
another,38
everyone,38
iced,38
side,37
weekend,37
mean,37
supporting,37
adorbs,37
cutie,37
selling,37
award,36
working,36
hut,36
lose,36
list,36
wedding,36
seeing,36
lady,35
dont,35
lunch,35
beyonc,35
psl,35
imma,35
around,35
lot,35
play,35
heart,35
snapchat,35
bags,34
jeans,34
ion,34
most,34
job,34
sorry,34
philly,34
funny,34
mind,34
http,34
dog,34
car,34
weather,34
room,33
instead,33
gave,33
such,33
target,33
yet,33
vine,33
meal,33
wow,32
enough,32
number,32
drinks,32
addicted,32
shirt,32
until,32
wants,32
body,32
almost,32
proud,32
high,32
queen,32
thats,31
place,31
yea,31
mine,31
jordans,31
leave,31
finally,31
days,31
college,31
cent,31
single,31
cube,30
sex,30
other,30
makes,30
brotherly,30
drop,30
also,30
cant,30
thank,30
aren't,30
dunkin,30
he'll,30
chris,30
mfs,30
latifah,30
terrible,30
young,30
cut,30
kinda,30
telling,30
call,30
lalasizahands89,30
bowl,29
mocha,29
along,29
both,29
mtv,29
won,29
fuckin,29
hope,29
fucked,29
shop,29
mood,29
000,29
cross,29
very,29
keep,28
singing,28
wild,28
used,28
tweet,28
chipotle,28
card,28
missing,28
tragic,28
letter,28
doesn't,27
called,27
using,27
weak,27
pussy,27
nicki,27
gets,27
170,27
emquartier,27
hamburger44,27
took,27
talk,27
dad,27
dick,27
waiting,26
actually,26
spend,26
meek,26
air,26
worst,26
ago,26
making,26
trash,26
entire,26
met,26
pay,25
natural,25
serious,25
lucky,25
deal,25
wasn't,25
near,25
hours,25
tears,25
world,25
budget,25
relationships,25
full,25
person,25
ight,25
else,25
juice,25
fire,25
together,25
walk,25
tacos,25
100,24
dying,24
king,24
1960,24
pretty,24
chelsea,24
fans,24
stuff,24
date,24
hoes,24
putting,24
spot,24
cucumbers,24
fall,24
wear,24
pllfinale,24
prettylittleliars,24
brotherlylove,24
mans,24
american,24
extra,24
tonight,24
ezria,24
trump,24
lmaoooo,24
accurate,23
wouldn't,23
killed,23
nvm,23
carmel,23
least,23
line,23
beyonce,23
kind,23
bodies,23
hella,23
alike,23
alllllll,23
everytime,23
somewhere,23
you'll,23
dutch,23
between,23
horse,23
laugh,23
i'd,23
fam,23
two,22
lexus,22
few,22
chip,22
jumping,22
rlly,22
early,22
alive,22
hoe,22
canes,22
decid,22
donuts,22
saying,22
oneshotbet,22
bought,22
cookie,22
hated,22
gives,21
story,21
nut,21
deli,21
lhhh,21
wats,21
ard,21
listening,21
hour,21
needed,21
genius,21
eventually,21
showed,21
nation,21
crack,21
bed,21
water,21
atl,21
store,21
alone,20
aint,20
employees,20
knew,20
cannot,20
plays,20
hip,20
either,20
healthy,20
fun,20
ate,20
feels,20
lord,20
matter,20
bless,20
acting,20
actual,20
word,20
dumb,20
popeyes,20
chinese,20
chill,20
later,20
burger,20
couldn't,20
news,20
min,20
dairy,20
taken,19
save,19
anymore,19
goals,19
macadamia,19
sos,19
follow,19
serena,19
thanks,19
cheese,19
walked,19
sheetz,19
online,19
liberty,19
movah,19
stg,19
beat,19
rappers,19
hear,19
family,19
laughing,19
performance,19
salted,19
mouth,19
bank,19
jamba,19
svedka,18
rihanna,18
jealous,18
saturday,18
bottle,18
we're,18
act,18
break,18
arguing,18
who's,18
huh,18
ordering,18
stand,18
omfg,18
wishing,18
alright,18
strawberry,18
wake,18
boiiii,18
yoooo,18
died,18
fan,18
fat,18
nak,18
simon,18
running,18
text,18
attitude,17
lmfaoooo,17
hop,17
prayers,17
pusha,17
smoothie,17
feeling,17
arm,17
knows,17
bathroom,17
daddy,17
italians,17
might,17
amount,17
lie,17
jay,17
agnes,17
confrontation,17
study,17
explained,17
don,17
xander,17
canada,17
boys,17
dance,17
evil,17
cake,17
frap,17
outside,17
straight,17
asking,17
dinner,17
plotting,17
bday,17
minutes,17
large,17
paid,17
gon,17
unfortunately,17
nasty,16
cuz,16
location,16
quiero,16
let's,16
krispy,16
justin,16
shoutout,16
honestly,16
pop,16
read,16
missed,16
late,16
hurt,16
jokes,16
childish,16
dropped,16
happen,16
anyone,16
clutch,16
grind,16
loves,16
lets,16
brought,16
cheesecake,16
lemonade,16
none,16
taking,16
wit,16
facts,16
drunk,16
asses,15
youuuuuu,15
babeeeeee,15
land,15
wont,15
ones,15
funniest,15
post,15
change,15
tried,15
asap,15
panera,15
workers,15
warm,15
sister,15
sick,15
able,15
moment,15
candy,15
cold,15
buying,15
bullshit,15
headass,15
hav,15
closed,15
shut,15
bey,15
ctfu,15
venti,15
condensed,15
meet,15
lmaooo,15
bacon,14
excited,14
local,14
exactly,14
brownies,14
needa,14
ride,14
timmy,14
account,14
must,14
anyway,14
definitely,14
hopefully,14
care,14
possible,14
lattes,14
spent,14
touch,14
sells,14
stay,14
problem,14
green,14
kremes,14
nandos,14
term,14
island,14
imagine,14
part,14
taylor,14
grande,14
moore,13
checking,13
longer,13
we've,13
packed,13
fresh,13
stupid,13
fuk,13
chickfila,13
blackoutparty7,13
aight,13
expensive,13
pull,13
team,13
rest,13
whenever,13
placed,13
special,13
noooo,13
red,13
weird,13
roger,13
fix,13
casual,13
tour,13
app,13
sis,13
french,13
cup,13
die,13
double,13
sum,13
looked,13
fine,13
bih,13
killing,13
station,13
conversation,13
lowkey,13
dollar,13
dat,13
spending,13
bougieness,13
shot,13
turned,13
summer,13
machine,12
dey,12
burry,12
door,12
corny,12
sense,12
sing,12
during,12
wth,12
driving,12
cash,12
couple,12
jungkook,12
yours,12
himself,12
watched,12
drinking,12
months,12
makeup,12
badly,12
city,12
naw,12
dawg,12
games,12
addiction,12
check,12
starting,12
reality,12
vixx,12
biggest,12
reading,12
bros,12
samseong,12
jawn,12
jeonghan,12
rainbow,12
shooter,12
springs,12
dajeonghan,12
aye,12
mikey,12
fact,12
found,12
video's,12
tfil,12
fame,12
once,12
blunt,12
ended,12
airport,11
understand,11
felt,11
till,11
meat,11
gross,11
fast,11
breathe,11
michael,11
surprised,11
blenders,11
kidsthesedayswillneverknow,11
growingupblack,11
heaven,11
seconds,11
ugly,11
friday,11
lowes,11
whataburger,11
thigh,11
messages,11
whatever,11
doll,11
skinny,11
cuddles,11
test,11
sit,11
book,11
teaser,11
notice,11
favorite,11
customer,11
java,11
pick,11
mate,11
apple,11
bringing,11
sandwiches,11
comes,11
loveeee,11
dale,11
album,11
leaving,11
son,11
trip,11
sent,11
anit,11
flow,11
blue,11
haul,11
smells,11
gift,11
past,11
lmfaoo,11
clothes,11
banana,11
close,11
asl,11
football,11
lemme,11
self,11
heavy,11
supplies,11
tune,11
deeper,11
shoes,11
cutest,11
wendys,11
debate,11
physical,11
computer,10
frappuccino,10
geeking,10
boomerang,10
scans,10
twitterwhileyouwork,10
haha,10
heard,10
sogonechallenge,10
snupe,10
appreciate,10
woke,10
soo,10
move,10
sauce,10
200,10
soho,10
size,10
guap,10
deadass,10
reminds,10
logo,10
songs,10
kenya,10
legit,10
exact,10
sometimes,10
zakiyah,10
mtura,10
ncat,10
nairobi,10
which,10
crave,10
vegan,10
options,10
hey,10
price,10
happened,10
spotted,10
lawd,10
brand,10
wonder,10
dating,10
fish,10
hang,10
scenes,10
film,10
sub,10
thankful,10
middle,10
joke,10
they've,10
practice,10
johns,10
winning,10
parking,10
wet,10
knocked,10
prada,10
west,10
idc,10
handsome,10
dem,10
smile,10
likes,10
cryin,10
females,10
tripping,10
deserve,10
pissed,10
upset,10
vallejo,10
panda,10
lmfaooo,10
rip,10
set,10
london,10
accuracy,10
burgerking,10
macchiato,10
loved,10
mobile,10
bb18,10
weeks,10
pretended,9
icecream,9
knowing,9
author,9
mall,9
herself,9
hand,9
manages,9
shmurda,9
tied,9
hotep,9
fav,9
outdo,9
sunday,9
mute,9
it'll,9
nails,9
situation,9
didnt,9
screenshot,9
perform,9
random,9
sway,9
mycurrentsituationatl,9
idfk,9
106,9
hired,9
sitting,9
scene,9
messy,9
horrible,9
lame,9
bye,9
confused,9
peach,9
finish,9
miracle,9
shack,9
mac,9
hill,9
coconut,9
answer,9
1st,9
nigerian,9
thinks,9
classes,9
dnd,9
jim,9
cheated,9
afterwards,9
miami,9
pregnant,9
texting,9
earlier,9
hahn,9
meaty,9
specials,9
breaking,9
trap,9
goosebumps,9
cousin,9
raspberry,9
gucci,9
screaming,9
roommate,9
loud,9
cringed,9
block,9
believe,9
russell,9
kimora,9
hiphopawards,9
month,9
hahaha,9
point,9
slip,9
giving,9
gay,9
pictures,9
frapp,9
brings,9
iight,9
four,9
vma's,9
far,9
plots,9
pressed,9
ncat20,9
ghoe,9
volkswagen,9
share,9
current,9
misses,9
warmed,8
women,8
writing,8
should've,8
mcmoofin,8
taehyung,8
bills,8
official,8
stomach,8
afford,8
raspa,8
struggle,8
papa,8
beef,8
original,8
bouta,8
mango,8
trey,8
followed,8
threads,8
blocked,8
yourself,8
brown,8
gap,8
suck,8
yess,8
scared,8
sausage,8
oreo,8
wana,8
yooo,8
stuck,8
north,8
berry,8
workout,8
hitting,8
cus,8
expose,8
tweets,8
pasta,8
jumped,8
relate,8
throw,8
grab,8
pink,8
walking,8
against,8
non,8
baristas,8
train,8
less,8
hes,8
cravings,8
addicting,8
box,8
own,8
doesnt,8
street,8
fake,8
problems,8
biscuit,8
drama,8
dudes,8
alex,8
cars,8
smell,8
lmfaooooo,8
barely,8
chilll,8
braaa,8
dip,8
straig,8
bigger,8
wingstop,8
annoying,8
starbucks',8
pass,8
scream,8
minute,8
nervous,8
crine,8
state,8
savage,8
hits,8
supposed,8
soul,8
enjoy,8
shopping,8
armys,8
unfollow,8
poor,8
frank,8
elena,8
talkin,8
central,8
fit,8
hug,8
whip,8
ocean,8
lifeee,8
plus,8
damon's,8
jus,8
etc,8
500,8
service,7
ufc,7
salad,7
snap,7
ooo,7
orangeisthenewblack,7
relatable,7
mandoza,7
nkalakatha,7
jumpsuit,7
dam,7
musty,7
fly,7
release,7
drank,7
slow,7
homecoming,7
pray,7
emma,7
bus,7
aaron,7
presidential,7
answered,7
someone's,7
cups,7
parents,7
nat,7
payroll,7
frfr,7
dis,7
happens,7
mannnn,7
semester,7
pound,7
helping,7
younger,7
second,7
caught,7
clapped,7
movies,7
weave,7
roll,7
booty,7
harry,7
iphone,7
texas,7
shows,7
inspired,7
menu,7
cliff,7
kap,7
attacks,7
bich,7
sesh,7
glad,7
players,7
fell,7
upcoming,7
cool,7
weedman,7
toes,7
eyes,7
handed,7
netflix,7
beachgames,7
places,7
ring,7
betting,7
fool,7
woman's,7
bcu,7
grocery,7
chance,7
suit,7
exam,7
empty,7
protect,7
gbt,7
confident,7
comprende,7
survived,7
frozen,7
stfu,7
punched,7
learn,7
daughter,7
bust,7
three,7
cmpunk,7
plug,7
horny,7
pan,7
devil,7
relationship,7
comfortable,7
stayed,7
sun,7
mrs,7
cfa,7
growing,7
hates,7
rice,7
listen,7
version,7
owe,7
internet,7
period,7
behind,7
august,7
slide,7
different,7
credit,7
freaking,7
soml,7
oomf,7
works,7
million,7
ferris,7
starving,7
babe,7
shitty,7
learned,7
pain,7
yrs,7
neighbors,7
worms,7
runs,7
color,7
dress,7
party,6
orders,6
gym,6
pulls,6
trailer,6
clean,6
akira,6
length,6
reduce,6
anticipating,6
sarah,6
3rd,6
omm,6
tellin,6
isnt,6
abeg,6
shouting,6
centers,6
rio2016,6
worse,6
beg,6
fml,6
trynna,6
totally,6
edit,6
showing,6
cried,6
bra,6
across,6
enthusiasm,6
code,6
ambition,6
bournemouth,6
wilshere,6
update,6
intrigued,6
ciara,6
titty,6
truth,6
you'd,6
spells,6
ot12,6
neck,6
winter,6
emoji,6
prolly,6
tells,6
sucks,6
sour,6
living,6
tierra,6
japan,6
booster,6
kyuwook,6
swoon,6
harmonies,6
duet,6
reply,6
dope,6
gouda,6
abi,6
played,6
ffs,6
shower,6
church,6
hood,6
shits,6
convo,6
weakness,6
youre,6
vex,6
choose,6
beyond,6
bear,6
pulled,6
mia,6
cards,6
rid,6
sold,6
josh,6
checkers,6
prepared,6
parties,6
basically,6
egg,6
burning,6
yup,6
may,6
tee,6
milkshake,6
fave,6
mcflurry,6
dominoes,6
window,6
power,6
kayla,6
homework,6
spit,6
jays,6
baggy,6
laughed,6
feet,6
banner,6
favourite,6
loving,6
garlic,6
kicked,6
road,6
realize,6
common,6
quote,6
under,6
female,6
blueberry,6
entailed,6
wife,6
snatch,6
teyana,6
future,6
ruined,6
obsessed,6
woman,6
destroyed,6
dream,6
lineup,6
powerhouse,6
ive,6
lyrics,6
houses,6
michelle,6
nope,6
lmaooooo,6
lying,6
starts,6
foxnews,6
political,6
billion,6
tweeted,6
jail,6
freak,6
messed,6
sign,6
proper,6
option,6
understands,6
homeless,6
corner,6
tyler,6
sharing,6
regular,6
space,6
peppermint,6
tim,6
bleach,6
boombb,6
soundss,6
everywhere,6
jordan,6
verse,6
subway's,6
support,6
club,6
loss,6
staying,6
uno,6
pancakes,6
mentions,6
nigga's,6
tasted,6
standards,6
south,6
agree,6
student,6
hollering,6
ctfuuuuu,6
mama,6
videos,6
syrup,6
duh,6
teach,6
lights,6
gummy,6
manymoreblessingstocomebaby,6
campaign,6
shooting,6
ruin,6
dollars,6
viewing,6
announced,6
tae's,6
boyfriend,6
ending,6
except,6
shout,6
thug,6
blessed,6
each,6
inside,6
bag,6
teacher,5
brazy,5
fome,5
stress,5
gang,5
scores,5
cheap,5
editing,5
mornings,5
pops,5
sophomore,5
broooo,5
stock,5
remembered,5
fried,5
pizzahut,5
whilst,5
feelings,5
definite,5
necessity,5
continued,5
220k,5
tooth,5
maybe,5
outfit,5
bambam,5
idek,5
nick,5
magic,5
sings,5
they'd,5
broooooo,5
'if,5
appreciated,5
tha,5
walks,5
stories,5
stood,5
gutted,5
pockets,5
fuckkkk,5
weight,5
ticket,5
flavor,5
rollback,5
beans,5
yugyeom,5
gyeomhitthestage,5
weakkkkkkkk,5
jimin,5
goin,5
students,5
dms,5
tickets,5
eclipse,5
here's,5
chest,5
shoulda,5
cowboys,5
coffees,5
replace,5
bloody,5
blvd,5
dare,5
cook,5
182,5
rdj,5
fuuu,5
chestnut,5
promises,5
comebacks,5
flex,5
artists,5
passion,5
salt,5
sugar,5
flat,5
breaks,5
lab,5
crib,5
lips,5
lactose,5
intolerant,5
wreck,5
doe,5
doubt,5
worried,5
business,5
chippy,5
lakewood,5
grilled,5
freshman,5
muffin,5
enjoyed,5
rain,5
jam,5
eddie,5
resist,5
bible,5
group,5
receiving,5
men,5
within,5
gown,5
there'll,5
jollof,5
famous,5
headache,5
offered,5
kick,5
cancelled,5
gimme,5
email,5
waited,5
vid,5
wing,5
brother,5
beefing,5
2014,5
reason,5
events,5
expect,5
swipe,5
snaps,5
country,5
condom,5
lex,5
bars,5
loose,5
posting,5
stations,5
cutting,5
ayyyyeeeee,5
sameee,5
overrated,5
'like,5
kloss',5
mother,5
intro,5
uncut,5
120,5
alcohol,5
angel,5
perry,5
stank,5
obvious,5
compared,5
rise,5
cheer,5
boba,5
sticks,5
boss,5
quit,5
jamaica,5
doin,5
donut,5
kenyans,5
6packs,5
6ribs,5
kenyavsnigeria,5
turner,5
realllyyyy,5
cares,5
mins,5
waking,5
cheating,5
must've,5
sends,5
tbt,5
chips,5
drake,5
gospel,5
soup,5
receipt,5
mention,5
control,5
reach,5
pics,5
awful,5
woulda,5
popping,5
leg,5
james,5
whyyyy,5
mile,5
fold,5
doritos,5
mess,5
glo,5
oml,5
nyc,5
prom,5
ewwwww,5
market,5
holiday,5
lovely,5
smoke,5
mcbuckets,5
everyone's,5
willie,5
when's,5
short,5
desperate,5
wayne,5
bike,5
finger,5
reaaalllly,5
jamming,5
access,5
penelope,5
added,5
depressing,5
titanic,5
spiced,5
slept,5
pogba,5
shots,5
laying,5
pies,5
ryan,5
supercup,5
sellin,5
huge,5
raw,5
awkward,5
currently,5
tooooo,5
rush,5
shaking,5
gawd,5
southern,5
style,5
nose,5
fail,5
dougie,5
8th,5
alot,5
cakes,5
ineed,5
150,5
jersey,5
hugs,5
jackson,5
key,5
anatomy,5
anybody,5
brew,5
ineedcaffeine,5
uniform,5
schedule,5
words,5
lmaoooooo,5
mann,4
choosing,4
fingers,4
transactions,4
brady,4
summersoverwhen,4
hammy,4
build,4
domestic,4
fondly,4
recognized,4
ommgggakaoocfolfb,4
dates,4
bitchhh,4
twice,4
building,4
secret,4
eaten,4
log,4
they'll,4
fucks,4
procrastinator,4
morgan,4
drownin',4
heat,4
striped,4
vanessa,4
zay,4
htgawm,4
dae,4
wishes,4
pillow,4
almond,4
mcnuggets,4
caf,4
saving,4
hoping,4
onion,4
worker,4
oddest,4
bartlett,4
means,4
hands,4
thou,4
exist,4
child,4
beverage,4
yeri,4
melt,4
changing,4
police,4
she'll,4
malik,4
worked,4
duval,4
ijs,4
pupaccino,4
awake,4
delievery,4
services,4
collective,4
chu,4
slavery,4
benefit,4
signs,4
ttip,4
flaco,4
freshmen,4
wildin,4
granny,4
bestfriend,4
decided,4
statement,4
confusing,4
matt,4
brownie,4
collection,4
keith,4
babies,4
hardest,4
disgusting,4
treats,4
register,4
hash,4
advice,4
couldnt,4
letting,4
whippin,4
deep,4
bww,4
bucks,4
eyeliner,4
fighting,4
throws,4
gods,4
idea,4
emotional,4
skills,4
luck,4
glowing,4
hibiscus,4
mavis,4
argument,4
fantasy,4
fwm,4
browns,4
mason,4
lauren,4
via,4
cuh,4
cookout,4
2nd,4
pleaseeeee,4
nooooo,4
whipped,4
you've,4
worry,4
baddddd,4
playin,4
automatically,4
skipped,4
twenty,4
slick,4
jun,4
ffaaawwwkk,4
blames,4
burden,4
ppls,4
sched,4
def,4
mcdonald,4
yassss,4
coke,4
heidi,4
rolling,4
discovered,4
ben,4
lava,4
typing,4
giants,4
soda,4
windows,4
nomore,4
cravin,4
beating,4
fatass,4
charge,4
istg,4
yunno,4
minus,4
bake,4
peanut,4
sigh,4
lid,4
wireless,4
bluetooth,4
earbuds,4
iseriouselymightdiethough,4
floor,4
monbebes,4
int'l,4
isac2016,4
normally,4
forza,4
pumps,4
cover,4
constantly,4
takin,4
salty,4
pumpkinspice,4
weeping,4
rate,4
shy,4
dnt,4
hype,4
spicy,4
umes20,4
headed,4
mole,4
effort,4
lmaoooooooo,4
gosh,4
wins,4
sage,4
waste,4
question,4
niceeee,4
table,4
soop,4
smart,4
smarter,4
jason,4
mourn,4
sabrina,4
prompts,4
lewi's,4
york,4
thursdays,4
spends,4
choir,4
professionally,4
theories,4
knock,4
allkpop,4
quality,4
awe,4
romantic,4
jasam,4
threw,4
promise,4
boring,4
grove,4
explaining,4
millions,4
overseas,4
blow,4
birth,4
pet,4
damaged,4
ladies,4
ill,4
steak,4
lesson,4
hittin,4
pocket,4
cheeseburger,4
bettrr,4
calls,4
cbb,4
sangria,4
shouldn't,4
stole,4
buddy,4
talked,4
coco,4
trust,4
husband,4
system,4
coochie,4
count,4
ricky,4
girl's,4
gettin,4
aww,4
esp,4
cheesesteak,4
pieces,4
deliveries,4
naij,4
given,4
retweets,4
ditched,4
kokomo,4
larissa,4
ranch,4
5am,4
flame,4
honey,4
hurry,4
weekly,4
turning,4
punch,4
jacob,4
jessica,4
scran,4
frappes,4
forreal,4
decline,4
sleepy,4
tumblr,4
cakepops,4
yesss,4
patriots,4
broadcast,4
pleasant,4
manchester,4
rap,4
spoiled,4
kno,4
performed,4
complete,4
bcw,4
stressin,4
uncle,4
liza,4
scone,4
columbus,4
kobe,4
grand,4
freaknik,4
career,4
employee,4
flinched,4
disappoints,4
smashed,4
ksh10,4
nun,4
roses,4
manood,4
barcelonaaloveuntoldday9,4
poisoning,4
alr,4
spanish,4
saushish,4
sashish,4
toe,4
unhealthy,4
lived,4
dry,4
vodka,4
avi,4
california,4
caesars,4
sonic,4
gas,4
ceeep7,4
jannacarla,4
sue,4
quotes,4
seal,4
fckin,4
bug,4
aab,4
piece,4
luv,4
quick,4
sweating,4
mas,4
gusto,4
ulit,4
kraa,4
dorm,4
bagel,4
kid,4
bbc,4
buffalo,4
reminded,4
photos,4
tall,4
merch,4
blame,4
closer,4
recognition,4
corn,4
truck,4
mochas,4
cum,4
cuffed,4
focus,4
confirm,4
position,4
children,4
tomar,4
med,4
curve,4
cologne,4
defuntosquad,4
mfn,4
boots,4
foo,4
realist,4
jhs,4
drier,4
kneecaps,4
byeeeeeeeeee,4
promo,4
cuddle,4
homie,4
adorable,4
venue,4
hanbin,4
condition,4
babes,4
utd,4
handicap,4
watford,4
rally's,4
become,4
headphones,4
membership,4
bri,4
amen,4
tape,4
bentley,4
teeth,4
wassup,4
jimmy,4
outs,4
choked,4
yesterday's,4
atm,4
fwy,4
derek,4
fifth,4
watches,4
chief,4
loosing,4
datbot,4
mrrobot,4
hashbrowns,4
rapcitythebasement,4
cursing,4
cents,4
finals,4
deals,4
thread,4
drano,4
kinds,4
savings,4
worlds,4
becci,4
often,4
fye,4
saved,4
106andpark,4
negative,4
balance,4
j's,4
ordered,4
belongs,4
manager,4
tumblers,4
african,4
lmaoo,4
christmas,4
louis,4
disrespectful,3
tmrw,3
acct,3
blake,3
acura,3
btec,3
grannies,3
jervell,3
dangitchiefs,3
password,3
poppin,3
gathering,3
strong,3
center,3
puttin,3
fgs,3
dogs,3
ooh,3
everythingggg,3
checked,3
attack,3
nominated,3
ughh,3
clapback,3
idgaf,3
haitians,3
scammers,3
smash,3
18th,3
ally,3
light,3
coz,3
above,3
harmony,3
brook,3
chills,3
customers,3
oscar,3
hannah,3
montana,3
kung,3
sarili,3
nman,3
iisipin,3
aldubtestoftime,3
boi,3
yasss,3
asheboro,3
annoyed,3
jesse,3
burned,3
gr8,3
sees,3
hasn't,3
cmon,3
lyin,3
mike,3
s'mores,3
episode,3
cortana,3
975,3
malarky,3
msdhonitrailer,3
equivalent,3
lasting,3
certain,3
becky,3
chile,3
cat,3
blood,3
changed,3
yoo,3
nooo,3
unboxingtimy,3
predator,3
lift,3
hook,3
neeeeeed,3
tickle,3
clown,3
brad's,3
heartache,3
scrumptious,3
respect,3
effect,3
driver,3
comments,3
newszbreakin,3
priva,3
frappy,3
boyyy,3
leaking,3
prayforlouisiana,3
addict,3
zion,3
bang,3
dearwarwickfreshers,3
dealing,3
lookin,3
christian,3
bum,3
treat,3
andddd,3
chipped,3
2003,3
folks,3
fbi,3
unique,3
demand,3
up10tion,3
buzz,3
band,3
omw,3
raining,3
monroe,3
dedric,3
tie,3
ggbig,3
venmo,3
arizona,3
agrees,3
halloween,3
franklin,3
small,3
dipped,3
anytime,3
jones,3
leather,3
streets,3
deactivate,3
srsly,3
fed,3
barn,3
exo,3
fuuuuuuck,3
sperry's,3
friendlys,3
mugs,3
chai,3
fox,3
texts,3
discounts,3
cyah,3
spell,3
intelligent,3
chanyeol's,3
blocking,3
trains,3
jaylas,3
nauseous,3
sir,3
brom,3
crisps,3
oooze,3
flavour,3
livin,3
drizzle,3
zouis,3
smooth,3
wat,3
dirty,3
oliver,3
toooooo,3
whos,3
posted,3
coworker,3
hat,3
disgrace,3
aria,3
babyi,3
dark,3
kartel,3
yuh,3
thousand,3
disrespect,3
saddest,3
fightin,3
freddie,3
bill,3
square,3
speedy,3
likely,3
icarly,3
realllly,3
pepperoni,3
fesimism,3
rant,3
thankyou,3
praline,3
creme,3
goal,3
wyd,3
foot,3
kent,3
ucc,3
midnight,3
designer,3
level,3
wifi,3
replied,3
ignore,3
rock,3
basic,3
kmart,3
dilemma,3
rough,3
fubu,3
happening,3
effects,3
guna,3
main,3
retweet,3
boutta,3
torn,3
span,3
plz,3
bandana,3
gluten,3
ashton,3
tally,3
flooding,3
dea,3
momma,3
diablo,3
hbu,3
honduras,3
warmer,3
thoooo,3
yesssssss,3
regret,3
chic,3
rex,3
professor,3
owned,3
jacked,3
valdese,3
issues,3
moving,3
korea,3
delete,3
90s,3
cotton,3
hold,3
americasbest,3
wasted,3
flawless,3
plan,3
kay,3
unbelievable,3
leaked,3
katy,3
ears,3
dropping,3
replaced,3
offering,3
baaaaad,3
cleric,3
800,3
asshole,3
ghetto,3
epicfail,3
ghost,3
creating,3
finest,3
whaaaat,3
officially,3
perfection,3
leicester,3
belly,3
yessss,3
delivering,3
safe,3
race,3
feen,3
dave,3
court,3
height,3
talli,3
sympathetic,3
crier,3
questions,3
bobby,3
visually,3
impaired,3
easily,3
flowers,3
portugal,3
message,3
grade,3
addictive,3
griddle,3
xfactor,3
reckless,3
lemon,3
asleep,3
hottest,3
photo,3
embarrassed,3
bar,3
hollywood,3
stink,3
yogurt,3
suppose,3
bond,3
wasss,3
charcoal,3
handle,3
fashion,3
spring,3
leggings,3
tupac,3
roots,3
lmfaooooooo,3
bun,3
dub,3
mcm,3
destiny,3
pose,3
bottom,3
gala,3
course,3
idont,3
remain,3
omgnfjdfjf,3
untouched,3
pure,3
bump'n,3
faneto,3
ear,3
olive,3
garden,3
ash,3
rides,3
nephew,3
only5,3
um50,3
kuku,3
kee,3
exposed,3
raise,3
stang,3
heck,3
issue,3
express,3
tree,3
jet,3
yogurtland,3
restaurant,3
energy,3
sweaty,3
accidentally,3
gonn,3
rejoining,3
burgers,3
yay,3
expectations,3
resignation,3
muffins,3
livestream,3
meth,3
disturb,3
disneyland,3
clydel,3
clydyne,3
scoop,3
could've,3
synthetic,3
ikr,3
stamps,3
cigarettes,3
perfume,3
tarts,3
deeply,3
vacation,3
sames,3
breath,3
jeffery,3
geisha,3
joc's,3
unsung,3
emotionally,3
garage,3
age,3
stew,3
marathon,3
wes,3
refresher,3
ribs,3
purpose,3
bold,3
frappucino,3
cau20,3
cuss,3
gorgeous,3
familygod,3
brave,3
rashford,3
hulmun,3
mufc,3
burner,3
keyed,3
agony,3
casted,3
daily,3
kicking,3
nike,3
tech,3
fleece,3
napkin,3
completely,3
bre,3
folk,3
mines,3
nossa,3
hurting,3
stressed,3
youtube,3
400m,3
pogshite,3
dresses,3
que,3
bored,3
nana,3
aunt,3
silly,3
speak,3
4ever,3
pac,3
foh,3
loool,3
bare,3
picking,3
results,3
shady,3
losing,3
jeonghanie,3
cupcakke,3
connor,3
mirror,3
voting,3
homophobic,3
accepted,3
upsetting,3
taught,3
married,3
temptation,3
meals,3
trinidad,3
marked,3
harlem,3
piss,3
clarkson,3
laker,3
buzzer,3
winner,3
insta,3
causing,3
sealand,3
followers,3
passed,3
mcgriddle,3
joy,3
painted,3
nipples,3
dre,3
con,3
leche,3
crossed,3
guey,3
spoke,3
killll,3
freakkkkk,3
nonstop,3
flurry,3
forgetting,3
torturing,3
gooooooo,3
lifesaver,3
stacey,3
dash,3
served,3
70k,3
bonless,3
handmade,3
greatestmomentsinblacktwitterhistory,3
holla,3
tights,3
low,3
inches,3
kim,3
lately,3
alyssa,3
breadsticks,3
tony,3
bit,3
jen,3
turnt,3
coulda,3
haircut,3
phcn,3
caused,3
singers,3
fabric,3
mum,3
tight,3
ignorant,3
nap,3
boy's,3
pudding,3
talaga,3
boo,3
peeve,3
flights,3
raving,3
costa,3
fabricreview,3
prefer,3
due,3
answers,3
asian,3
stinks,3
memories,3
honesty,3
tuesday,3
frosty,3
whyyyyyyyy,3
coley,3
gtf,3
greensboro,3
application,3
walmart's,3
poker,3
withdrawals,3
judge,3
hurts,3
phones,3
youse,2
benjandbenjixfactor,2
danger,2
immediately,2
assault,2
rifles,2
munchie,2
biology,2
drey,2
yoooooo,2
sounwich,2
cheetos,2
kaistal,2
hmm,2
cole,2
breadbowl,2
fein,2
prison,2
kzoo,2
possibly,2
match,2
argh,2
mccdonalds,2
dulce,2
drool,2
braid,2
pattern,2
landing,2
knoow,2
regretted,2
instantly,2
nutted,2
cheeky,2
cheney,2
jeremy,2
clarksons,2
hull,2
ttc,2
bloordanforth,2
topoli,2
ayanna,2
hobby,2
infront,2
casino,2
rodeo,2
rooms,2
skanks,2
involved,2
couples,2
breast,2
convinced,2
aaight,2
deaddd,2
darius,2
atlantafx,2
mbn,2
assume,2
ignoring,2
mystery,2
kirra,2
nauseating,2
slush,2
hardee's,2
runners,2
uzi,2
vert,2
insult,2
religion,2
thirsts,2
miami's,2
yer,2
camera,2
mcmuffin,2
2marra,2
favourites,2
catfish,2
filmed,2
steers,2
debonairs,2
harricots,2
boom,2
disappears,2
rose,2
smfh,2
6'1,2
general,2
cds,2
mushrooms,2
lyssa's,2
samantha's,2
books,2
vmas2016,2
mentality,2
streak,2
absolutely,2
goto,2
groceries,2
kanye's,2
poem,2
photoshopping,2
boneless,2
cuzz,2
fanily,2
feud,2
washington,2
yonce,2
stepped,2
critique,2
comprehend,2
cooked,2
lines,2
dreads,2
sprinted,2
wcw,2
reallllly,2
peter,2
wasnow,2
pist,2
nypd,2
praise,2
jerry's,2
dammmmmm,2
bump,2
midway,2
loaded,2
lordt,2
broken,2
innocent,2
drug,2
squeeze,2
doors,2
closing,2
angela,2
powertv,2
baile,2
frosted,2
zone,2
mcgriddles,2
neverindo,2
magnolia,2
joker,2
blacker,2
bam,2
rih,2
whitney,2
known,2
moms,2
wtfffff,2
stan,2
offended,2
tangerine,2
load,2
refreshed,2
coins,2
godamn,2
intact,2
slowest,2
coffeeeeeeee,2
alfrado,2
brutal,2
mcgregordiaz2,2
conormcgregor,2
vegetarian,2
edges,2
tries,2
milan,2
greg,2
lonely,2
nondairy,2
digits,2
track,2
acc,2
hurtathonathin,2
underwear,2
coo,2
towns,2
wnt,2
hanger,2
lmn,2
tap,2
english,2
rambe,2
fandom,2
nicely,2
teriyaki,2
alexa,2
babymomma,2
custody,2
12's,2
mighty,2
noise,2
speaking,2
roads,2
upon,2
enemy,2
beth,2
inconsistent,2
neva,2
tiqua,2
playhouse,2
maxes,2
makewesterngreatforthefirsttime,2
gains,2
moe,2
transformation,2
jebi,2
built,2
steal,2
boyz,2
keahiwai,2
ho'onua,2
average,2
stubborn,2
wahy,2
monies,2
tana,2
nellie,2
placing,2
chef,2
poe,2
bby,2
eye,2
croissant,2
camarillo,2
ide,2
munchies,2
numerous,2
occasions,2
sooner,2
pack,2
named,2
popular,2
asfall,2
jaddd,2
abee,2
kekai,2
jorgie,2
jacket,2
aisle,2
stays,2
accepts,2
remembers,2
bestie,2
filler,2
comeeeee,2
cunt,2
brenda,2
difference,2
franta,2
straw,2
tml,2
commercials,2
liked,2
goblin,2
kmt,2
thirsty,2
neeeegrows,2
peepin',2
wayyyyy,2
sorrynotsorry,2
americarunsondunkin,2
pals,2
desperately,2
burrito,2
launching,2
crice,2
tigraaaaaaaaa,2
goodness,2
office,2
griffin,2
retarded,2
omgggggggggggggggggg,2
bleeding,2
missssss,2
youuuuu,2
brain,2
armor,2
gadget,2
boii,2
hotter,2
platforms,2
filet,2
karma,2
ham,2
fiver,2
rainy,2
arbys,2
accent,2
moaning,2
hurted,2
twinkies,2
confuses,2
hiding,2
looooool,2
edits,2
hennythingaintpossible,2
sar,2
cini,2
minis,2
wearingg,2
espinosa'll,2
peoples,2
pizzone,2
beloved,2
omgggg,2
shorty,2
laish,2
yswoon,2
baitna,2
whhhhy,2
fuq,2
serve,2
normal,2
hungthefuckover,2
actin,2
omgggggg,2
overgrown,2
whoosh,2
dramatic,2
beyonce's,2
brai,2
blew,2
board,2
depresses,2
row,2
erica,2
trio,2
pastas,2
forzashot,2
crineeee,2
talmbout,2
rumour,2
allan,2
carr,2
gbbo,2
mushy,2
gushy,2
loooove,2
butter,2
ari,2
lesh,2
parmesan,2
sweetener,2
leagues,2
off',2
chads,2
cousins,2
mack,2
caucasian,2
torri,2
horizon,2
forzahorizon3,2
jumpman,2
heated,2
owt,2
microwave,2
acrylics,2
fails,2
waldorf,2
sonics,2
envy,2
excitement,2
uncomfortable,2
finding,2
righttttttt,2
rat,2
closes,2
flippin,2
ellll,2
shoot,2
hol,2
shirts,2
hugo,2
onesies,2
union,2
versions,2
actives,2
calories,2
armenian,2
character,2
moist,2
jenna,2
zero,2
andrew,2
flew,2
maystwe,2
a3esh,2
chapter,2
'thou,2
shall,2
alll,2
unlimited,2
maddy,2
diet,2
meeeeee,2
helluh,2
disappointed,2
sme,2
sudden,2
girlll,2
intense,2
inconvenient,2
herd,2
skirt,2
nad,2
lmfaaaoooooo,2
lake,2
june,2
unclassy,2
freebie,2
g's,2
quarter,2
chat,2
trinis,2
wall,2
ordinary,2
tongue,2
dizzy,2
behaviour,2
huaweijoburgday,2
slap,2
iconfess,2
reasons,2
contest,2
entourage,2
sholl,2
facetime,2
bcs,2
levels,2
coupon,2
gullible,2
bigfoot,2
emerald,2
catches,2
weeell,2
ezzznorme,2
lifetaughtme,2
ninah,2
waffle,2
babyy,2
yettt,2
swearr,2
jdscott,2
top,2
tryn,2
mf's,2
odds,2
greenwich,2
ily,2
speed,2
mph,2
fucken,2
facial,2
lyfe,2
scrolling,2
nash,2
equalibria,2
clapham,2
meeeaaaannnn,2
fooly,2
gunna,2
remo,2
monday,2
davon,2
smelled,2
stale,2
butterfingers,2
mcflurries,2
abracadabra,2
korean,2
pit,2
refreshers,2
highkey,2
ochem,2
daniel,2
drove,2
surprise,2
presence,2
bethany,2
derek's,2
twirls,2
spew,2
fae,2
passcode,2
wheelies,2
gta,2
kamal,2
someee,2
smeek,2
50x,2
nov,2
western,2
corporations,2
ishkabibbles,2
massage,2
woken,2
program,2
navigating,2
bitch's,2
ayy,2
milky,2
slurpee,2
bladddy,2
tastes,2
hecks,2
weds,2
greens,2
lifeeeeee,2
continue,2
caffeine,2
breakfastsm,2
fixed,2
sundays,2
clips,2
byrider,2
pumpkins,2
hurricane,2
owwee,2
sonata,2
niggaa,2
graders,2
higher,2
moundsville,2
likr,2
daytona,2
patrick,2
guyyyy,2
gia,2
shmizzzzzzzed,2
trek,2
africa,2
some1,2
available,2
rushing,2
medicine,2
chasing,2
shonda,2
rhimes,2
autotune,2
barrista,2
collnwoods,2
peasantry,2
triple,2
depends,2
moved,2
rudy,2
mehh,2
liein,2
statement's,2
embarrassing,2
bruhhh,2
auburn,2
harleen,2
inky,2
spiders,2
jameson,2
medium,2
pizzas,2
theme,2
francois,2
shortening,2
easier,2
jmoney,2
gotcha,2
cha,2
legin,2
ode,2
cant',2
brb,2
howwwwwling,2
ludacris,2
plans,2
disastrous,2
melting,2
tmr,2
megz,2
blair,2
aidan,2
quiet,2
bald,2
nsfdw2016,2
add,2
irl,2
peri,2
ariana,2
closest,2
casually,2
strips,2
uma,2
suman,2
fxck,2
kameena,2
kashyap,2
resurrection,2
betima,2
balanced,2
youll,2
florida,2
bruuuhhh,2
sharp,2
helicopter,2
casualty30,2
remove,2
foul,2
tori's,2
mchicken,2
bets,2
thanksgiving,2
gcu,2
bryant,2
starstruck,2
oops,2
rainbows,2
supporters,2
homosexual,2
lesbian,2
ayoooooo,2
disgusted,2
boise,2
loop,2
plaza,2
furniture,2
jdjdjdjdbd,2
spurs,2
destroying,2
freckles,2
hmpp,2
alajaksjak,2
lmaaaooo,2
musical,2
lands,2
nfl,2
angry,2
jalena,2
pants,2
shoe,2
emergency,2
expected,2
inmy,2
ripdollyshine,2
jaky,2
ohhh,2
speaks,2
wantttttt,2
baddies,2
serving,2
kevinisoverparty,2
lames,2
maayne,2
beside,2
lamma,2
edhar,2
ensa,2
battary,2
arent,2
happiest,2
arcade,2
tyler's,2
prob,2
gah,2
dice,2
chuffed,2
switch,2
mini,2
throbbing,2
tripletreatbox,2
boxenvy,2
bruuh,2
soy,2
tracking,2
devices,2
locate,2
butterflies,2
phelps,2
wingspan,2
6'8,2
suh,2
cofused,2
goose,2
bumps,2
sending,2
lls,2
luckiest,2
wayyyy,2
gun,2
steamy,2
quantico,2
hoop,2
earrings,2
icy,2
studs,2
needles,2
jacob's,2
loyal,2
7th,2
appliances,2
jamican,2
ramen,2
talks,2
eastmoor,2
alpha,2
findom,2
paypig,2
spilled,2
school's,2
keef,2
lawwwwddd,2
noisy,2
jealousss,2
incrowd,2
hilarious,2
yaaasss,2
tractor,2
boiiiiiiii,2
dakota,2
damage,2
danced,2
noodles,2
fruitcup,2
wooouuulddd,2
banned,2
snack,2
diddy,2
yell,2
rang,2
indo,2
foreal,2
ashley,2
benz,2
shaw,2
beater,2
ahhh,2
kanye,2
tru,2
noooooo,2
dragged,2
legend,2
smores,2
taunt,2
react,2
beh,2
noodle,2
tart,2
evoke,2
missoula,2
bryson,2
lauryn,2
stopping,2
mcclain,2
whettttt,2
devin,2
lining,2
lesley,2
styrofoam,2
theres,2
periscope,2
mark,2
dipping,2
wea,2
theses,2
antwon,2
friesssss,2
monaco,2
popcorn,2
caaaaaaaaant,2
mahn,2
fucksake,2
m's,2
cheerios,2
slogans,2
emotions,2
mary,2
touching,2
bcpe,2
backpack,2
jobbbb,2
grandkids,2
base,2
chili,2
noooow,2
summmmm,2
torianos,2
mixtape,2
fum,2
dean,2
demolished,2
muslim,2
allllllll,2
san,2
antonio,2
cheesing,2
mustard,2
jose,2
bids,2
immigrants,2
bathes,2
drinkwater,2
allowed,2
minds,2
perfo,2
carrick,2
praying,2
yesssss,2
oxford,2
awwww,2
sprite,2
rib,2
clever,2
nola,2
puts,2
thierry,2
shoulders,2
henry,2
screenshots,2
forehead,2
trend,2
ups,2
downs,2
inlove,2
bloc,2
projects,2
carrington,2
journal,2
poetry,2
kitchen,2
whits,2
misspell,2
areas,2
wedges,2
inlaw,2
furry,2
652,2
airplanes,2
alternative,2
darlisha,2
ronny,2
france,2
oreos,2
iflovingyouiswrong,2
southampton,2
liver,2
present,2
pretzels,2
itea,2
betlemme,2
society,2
atomic,2
speaker,2
cruel,2
fella,2
oms,2
nella,2
admit,2
writings,2
apply,2
givin,2
flag,2
neisha,2
risking,2
specially,2
adult,2
suits,2
cig,2
ref,2
pen,2
blasting,2
unwritten,2
burnley,2
lockers,2
he'd,2
china,2
kept,2
anyways,2
baek,2
hypes,2
aliza,2
van,2
napoli,2
twin,2
kels,2
xnxndnsnsn,2
lessons,2
peaceful,2
stared,2
munching,2
vending,2
belated,2
ckin,2
doode,2
cri,2
gms,2
tattoos,2
energized,2
why'd,2
somlget,2
dbs,2
fin,2
yaaaay,2
silverado,2
cel,2
leah's,2
belting,2
hyped,2
public,2
transportation,2
meeeee,2
sickly,2
legally,2
formation,2
volunteered,2
julio,2
field,2
wednesday,2
bihhhh,2
fizzy,2
louis',2
private,2
thursday,2
lrg,2
vegetarians,2
maaaannnnn,2
whaaaaa,2
thugs,2
trough,2
finessin,2
goofy,2
labs,2
whether,2
3am,2
rachel,2
gatwick,2
george,2
terminal,2
empire,2
force,2
blankets,2
poop,2
chow,2
amela's,2
timymeetbasti,2
regretting,2
diary,2
cobourg,2
bankers,2
becoming,2
insane,2
festive,2
third,2
umbrella,2
apollo,2
final,2
trifling,2
omgg,2
destroy,2
boosie,2
painties,2
panties,2
isabelle,2
tan,2
tlkn,2
manu,2
acai,2
falz,2
sake,2
yeen,2
eet,2
everton,2
ruining,2
btts,2
stars,2
sav,2
a'f,2
fkcjcjc,2
ignorance,2
deceased,2
toasted,2
gourmet,2
case,2
ripped,2
cone,2
kodjia,2
villa,2
baseball,2
icon,2
fuccckin,2
roasted,2
tomato,2
mozzarella,2
panini,2
freddy,2
sixchairchallenge,2
ofn,2
transfer,2
it'd,2
wail,2
com,2
stomachs,2
experiences,2
performing,2
daddies,2
wise,2
kahlar,2
vanden,2
behold,2
clusterfuck,2
hsiung,2
cheerleader,2
hurdle,2
glove,2
betimma,2
tay,2
genuine,2
colour,2
gate,2
fair,2
wings2,2
wowwwww,2
bigshit,2
mirage,2
liq,2
ease,2
unstable,2
durian,2
nando's,2
threats,2
potato,2
believes,2
honor,2
retros,2
fuuuck,2
partake,2
chosen,2
bridget,2
headaches,2
charges,2
round,2
photographers,2
beetle,2
split,2
whaaaaat,2
thingys,2
starbucks's,2
fifteen,2
swift,2
countries,2
comere,2
consider,2
hmu,2
trick,2
andy,2
bottoms,2
intentional,2
fragile,2
achievement,2
unlocked,2
magc0n,2
wackywednesday,2
tgif,2
kik,2
treating,2
meh,2
excuse,2
like4like,2
s4s,2
muserking,2
spam4spam,2
solely,2
based,2
jigga,2
shared,2
hennessy,2
clowns,2
whyyy,2
badlandz,2
flavors,2
frappe's,2
yaaassssss,2
somehow,2
standoff,2
planet,2
aboa,2
taa,2
k3k3,2
vinaigrette,2
wdym,2
outcha,2
wsihsih,2
dolans,2
aid,2
instructions,2
score,2
vinyl,2
seattle,2
rightawh,2
organic,2
sustainable,2
7mins,2
tops,2
macomb,2
stressful,2
prayer,2
kool,2
noticing,2
knots,2
chassity,2
thereeee,2
boaa,2
although,2
awa,2
nvmd,2
kmjs11,2
welp,2
sanging,2
tunnel,2
extremely,2
quad,2
wiping,2
patches,2
crumpled,2
signature,2
upppp,2
removes,2
adds,2
cheetoschickenfries,2
substitute,2
barbeque,2
charms,2
mazes,2
bbg,2
locos,2
irks,2
lachapelle's,2
glory,2
stunning,2
danish's,2
joey,2
avoids,2
plzzzz,2
avacado,2
2016,2
shucks,2
nodols,2
mimosa,2
bru,2
crush,2
meeeeeeee,2
truckin,2
yessssssss,2
souls,2
festival,2
georgia,2
clasico,2
noticed,2
copp,2
toxic,2
tool,2
seems,2
seeker,2
challenge,2
chiiiilllll,2
lemmi,2
greedy,2
dstv,2
onlyyyy,2
katipunan,2
pal,2
hai,2
vikya,2
shown,2
gracias,2
emails,2
bpl,2
argue,2
stream,2
warsaw,2
hilary,2
stein,2
willis,2
inconvenience,2
thot,2
distance,2
coupons,2
ahhhhh,2
scored,2
muggy,2
12s,2
locking,2
diss,2
phat,2
beginning,2
lindsey,2
aba,2
crown,2
enroll,2
therapy,2
irritating,2
espresso,2
elaine,2
yohan,2
deadly,2
playa,2
exsaize,2
bushes,2
hushh,2
saleea,2
100m,2
revoked,2
owes,2
dubb,2
bihh,2
drugs,2
viv,2
potatoes,2
nowi,2
clap,2
tweeting,2
brudda,2
vitharv,2
tujhmein,2
rab,2
eagles,2
ways,2
3laich,2
forward,2
brandz,2
mouldy,2
bowls,2
poo,2
dikhta,2
eshhhhh,2
m3alem,2
5aleehom,2
3ala,2
clinton,2
a7san,2
draymonds,2
eats,2
six,2
tito,2
teams,2
jammy,2
bast,2
foods,2
cottage,2
opens,2
sky,2
inch,2
ritu,2
illuminati,2
notes,2
oct,2
30th,2
indescribable,2
mashallah,2
hums,2
bofl,2
unknown,2
substance,2
baskin,2
robbins,2
askin,2
proudly,2
internship,2
okayy,2
giggling,2
lupe,2
fackkkkkkkk,2
nahhhhhhh,2
susie,2
overnights,2
dogthis,2
raymond,2
10000,2
degrees,2
naked,2
fiasco,2
blues,2
efron,2
barcelona,2
cg2,2
buckets,2
hortons,2
thissss,2
complaints,2
kathy,2
delievered,2
aanoying,2
tough,2
beard,2
leads,2
mcchips,2
blessss,2
thaaaaaat,2
representative,2
hangs,2
somone,2
rams,2
wallah,2
halaal,2
junk,2
voter,2
lasj,2
tax,2
visited,2
indeed,2
slips,2
loooooooove,2
mannnnn,2
holleringggg,2
traaaaaaash,2
connect,2
dumbbbb,2
macchiatos,2
doc,2
toddler,2
exhausting,2
daamn,2
johnny's,2
deleting,2
nadaaaa,2
soccer,2
leaves,2
boston,2
premiere,2
grey's,2
principal,2
redbull,2
soft,2
mindset,2
active,2
nosheetzinthesouth,2
aiman,2
puke,2
woah,2
opinion,2
kitty,2
user,2
seedless,2
pervy,2
quen,2
john,2
watermelons,2
returning,2
jarule,2
cuff,2
raf,2
bernie,2
mammy,2
luhhhhhhhh,2
buggin,2
edinburgh,2
unreal,2
snapfax,2
harambe,2
yass,2
nia,2
yolked,2
401k,2
roth,2
era,2
positive,2
doze,2
wya,2
existence,2
information,2
hooked,2
digging,2
sleeps,2
cough,2
shiiit,2
ventichaitealatte,2
allowance,2
england,2
colin,2
shyest,2
sakes,2
crumble,2
dancer,2
cop,2
riri,2
waaaay,2
naaaah,2
errands,2
gambling,2
rapping,2
backing,2
cali,2
bouncer,2
nipsey,2
nicee,2
drizzy,2
notification,2
thatcher,2
cuttin,2
wears,2
kolyon,2
tourists,2
jackboys,2
dicky,2
maccas,2
realone,2
slayed,2
dumbass,2
hector,2
leadership,2
manhattan,2
comparing,2
rapper,2
interest,2
nycproblems,2
fujis,2
stephen,2
subbing,2
frappuccino's,2
miles,2
nic,2
busting,2
httr,2
willing,2
cypher,2
beach,2
cashier,2
fraps,2
cudi,2
hater,2
chain,2
link,2
gassed,2
toughest,2
bhance,2
bfe,2
stick,2
enticing,2
makin,2
you't,2
recipe,2
blush,2
plis,2
yudodis,2
matched,2
actttt,2
retttt,2
roof,2
tknow,2
sadder,2
hollerin,2
twerking,2
feeding,2
islamophobic,2
viral,2
booger,2
nugget,2
boogerking,2
relocate,2
charlie,2
puth,2
soberano,2
hhhhhhhhhhhhhhhhhhhhhhhhhhhhhhhhhhhhhhhhhhhhhhhhhhhhhhhhhhhhhhhhhhhhhh,2
deadassss,2
looses,2
buuutttt,2
tiring,2
someeeeeee,2
orange,2
lucozade,2
architects,2
rasin,2
pepsi,2
faaaaav,2
ahmed,2
goochie,2
max,2
hiring,2
mvp,2
wine,2
premier,2
league,2
whyy,2
chilling,2
mourning,2
ripstarbucks,2
desiigner,2
painful,2
blackbuster,2
genuinely,2
thumbs,2
eboni,2
foolish,2
providing,2
sobbing,2
visit,2
heels,2
80s,2
rakim,2
ronnie,2
ralphthey,2
asssffffffff,2
sushi,2
weyy,2
makan,2
melantak,2
tweaking,2
blowing,2
screams,2
flying,2
friday's,2
crowded,2
valeria,2
anal,2
remy,2
khaay,2
collect,2
cray,2
horn,2
blown,2
mamas,2
niggaz,2
yas,2
culvers,2
dubs,2
yummy,2
geezus,2
dickless,2
cheat,2
400,2
pussies,2
threatened,2
fuckfher,2
multiply,2
aoife,2
erin,2
panic,2
rocky's,2
happyfathersday,2
realzz,2
11th,2
lokey,2
trnya,2
accomplished,2
samee,2
nooottttt,2
candles,2
superb,2
chanel,2
terrified,2
fag,2
texans,2
garoppolo,2
believeinbrissett,2
skee,2
coffeebean's,2
website,2
mart,2
rather,2
angelina,2
surfers,2
starlight,2
shouted,2
mo',2
60daysin,2
guide,2
escape,2
tabloids,2
involving,2
leger,2
silver,2
medal,2
european,2
planks,2
uni,2
hungover,2
dunkindonuts,2
grown,2
waist,2
loading,2
grateful,2
uggghhh,2
float,2
dining,2
ceo,2
endorsing,2
crooked,2
cravinggggg,2
tej,2
aggravating,2
rttt,2
damm,2
'meal',2
cheesburger,2
dion,2
defending,2
cuddy,2
classic,2
charity,2
bartlesville,2
bixby,2
lilly,2
hillary,2
boycottstarbucks,2
fancy,2
mickey,2
kicks,2
handy,2
blrinsider,2
heavenly,2
looooooooool,2
fillet,2
insidertweets,2
injected,2
silicone,2
ohhhnooo,2
atleast,2
habit,2
rye,2
110mph,2
craaaaving,2
russian,2
georgian,2
yupp,2
pride,2
girlfriend,2
major,2
girlfriendoftheyear,2
bookstore,2
tanisha,2
recovered,2
35000,2
ilienda,2
hivo,2
sudan,2
roulette,2
velvey,2
davion,2
warming,2
basement,2
doomed,2
holidayseason,2
desserts,2
wowsers,2
watering,2
perimeter,2
processed,2
merry,2
nghtmre,2
proved,2
copper,2
kills,2
firehouse,2
jordyn,2
ahh,2
sammy,2
watkins,2
blessings,2
complaining,2
adams,2
kaelani,2
sew,2
carrier,2
sadly,2
coffee's,2
bitchhhhh,2
footy,2
naman,2
saturday's,2
mixystips,2
snow,2
updated,2
gossssh,2
crystal,2
bestfriends,2
dunno,2
burnt,2
nook,2
wondering,2
tempted,2
links,2
peeps,2
bid,2
sang,2
upgrade,2
bts,2
alfredo,2
penne,2
15seconds,2
nama,2
humanity,2
storage,2
dna,2
morris,2
tube,2
realise,2
yellow,2
basketball,2
literal,2
yep,2
jungle,2
1000,2
stopracismatpretoriagirlshigh,2
singapore,2
laaa,2
psa,2
jojo,2
pronounce,2
breez,2
gushers,2
hooookay,2
perks,2
vernos,2
banis,2
bat,2
bird,2
b's,2
whopping,2
we'll,2
radioshack,2
wayyyyyyy,2
gotten,2
hooch,2
beverages,2
lmfaooooooooo,2
hank,2
thissssss,2
rude,2
henderson,2
carthage,2
merle,2
tuesday's,2
eeeeewwwww,2
onlyforonenight,2
loooool,2
opening,2
mumu,2
wankban,2
cappin,2
goon,2
chyna,2
eustis,2
oooo,2
leggo,2
rockin,2
mayonnaise,2
asin,2
jvarmy,2
taehyungshi,2
courage,2
scarred,2
cowardly,2
deniece,2
williams,2
grail,2
addictions,2
jada,2
attracting,2
bitchhhh,2
frys,2
vented,2
burgerking's,2
cheesy,2
mushroom,2
rc's,2
fupumpkinspicepeople,2
amanda,2
entering,2
parole,2
violate,2
subs,2
uberfail,2
scones,2
isa,2
switched,2
aux,2
4pm,2
ayo,2
audition,2
suspense,2
brianna,2
reallllllly,2
careful,2
buttons,2
needing,2
fowler,2
reorders,2
june's,2
haunted,2
hocus,2
pocus,2
hello,2
ol',2
slaving,2
bet',2
aids,2
sleepyyy,2
scoring,2
geeeeeeked,2
generous,2
tyrique,2
dishwasher,2
wattt,2
glorious,1
chicks,1
cna,1
goodnight,1
wack,1
sketchers,1
cracking,1
construction,1
insider,1
doneeee,1
collars,1
impossible,1
mane,1
birdman,1
apocalypse,1
rftttttttttttttt,1
september,1
imsorry,1
attitudes,1
dreaming,1
traffic,1
00pm,1
bullshitting,1
gal,1
capable,1
strippers,1
poppin',1
peak,1
dade,1
tko,1
abc,1
spitting,1
lyricist,1
hubby,1
jeremykyle,1
shagged,1
wicksy,1
bummed,1
niggasaintshit,1
wastin,1
enterin,1
irri,1
david,1
tommy,1
weed,1
member,1
she'd,1
stripper,1
jess,1
criiiiiine,1
syd,1
onna,1
funds,1
deposit,1
nowhere,1
fletcher,1
rogders,1
quesadilla,1
stairs,1
anika,1
rhyme,1
nursery,1
selma,1
cuzzy,1
grub,1
100x,1
tommorow,1
raiders,1
election2016,1
makeitstop,1
legal,1
incest,1
athletic,1
yoongi's,1
isac,1
themselves,1
tire,1
wash,1
unsweet,1
finuxk,1
nowwwwwwww,1
50pm,1
joint,1
spelled,1
michaeng,1
djcnslckpwkce,1
lmfaoooooooooo,1
certificate,1
cairo,1
ironically,1
ainn,1
suspended,1
olds,1
hire,1
ringing,1
christina,1
uuu,1
bothh,1
consists,1
clubs,1
tracks,1
alfuckinready,1
entirely,1
skeezer,1
ulta,1
tjmaxx,1
lobster,1
aurora,1
randomly,1
taxing,1
pushing,1
tami,1
duffey,1
substantially,1
skating,1
ten,1
hoagie,1
harassing,1
squad,1
nachos,1
flirting,1
amman,1
correctly,1
2018,1
cuddling,1
bath,1
antoinette,1
robbed,1
tackles,1
danny,1
acts,1
prichard,1
instate,1
ughhhhhhh,1
denise,1
hating,1
yona,1
noo,1
lissa,1
view,1
dicks,1
aite,1
return,1
hoooomygawd,1
ashamed,1
detroit,1
centre,1
sheff,1
drew,1
shes,1
stevens,1
solution,1
hottake,1
miscarriage,1
pepper,1
bridge,1
carl,1
bother,1
summit,1
teen,1
park,1
mimi,1
combs,1
suspects,1
usual,1
howwwww,1
sadbasicgirl,1
shi,1
witnessed,1
tornado,1
thalia,1
izzy,1
solido,1
whore,1
2's,1
apartment,1
bedroom,1
atm's,1
mannnnnn,1
monster,1
dorian,1
chappell,1
dierra,1
euc,1
lies,1
poison,1
kisses,1
thick,1
doubting,1
cita's,1
feelin,1
carlos,1
separate,1
trays,1
fruit,1
soonyoung,1
welcome,1
valley,1
asif,1
outlandish,1
ache,1
ugg,1
despo,1
yourselves,1
humble,1
10's,1
write,1
angsty,1
star,1
cavs,1
pacers,1
nappy,1
lightstick,1
shawol,1
waving,1
fanchants,1
physically,1
horrified,1
model,1
amish,1
yuta,1
chillin,1
interview,1
5555,1
puked,1
shook,1
omggggg,1
groupchat,1
smothies,1
routed,1
economy,1
flood,1
highly,1
ungrateful,1
yikes,1
east,1
drought,1
goodbye,1
powerless,1
clint,1
tracker,1
wase,1
mcbaud's,1
jana,1
stiff,1
usta,1
meme,1
olly,1
university,1
trxllgxds,1
laptop,1
belee,1
brrrruuuhh,1
rocks,1
cast,1
described,1
steel,1
christ,1
talm,1
rossi,1
males,1
allaattt,1
government,1
abt,1
aldub59thweeksary,1
menggay,1
whispering,1
glue,1
lash,1
shaq,1
yalls,1
brainwashed,1
quickly's,1
denville,1
goodbyenj,1
hotel,1
thrown,1
graveerror,1
shortcake,1
discontinue,1
helga,1
names,1
sworn,1
giiiiiiirlllll,1
oooooooo,1
stggg,1
whatcha,1
yah,1
toast,1
bombs,1
sooooooo,1
dribble,1
whyyyyy,1
allergic,1
marco,1
partied,1
ocala,1
besides,1
gtfoh,1
value,1
300,1
alarms,1
yaal,1
bricks,1
supreme,1
chan,1
dirt,1
watery,1
devilish,1
jitters,1
trueee,1
joanne,1
avoid,1
squirrels,1
squirrel,1
chatime,1
grammy,1
tray,1
avis,1
meeting,1
ummmm,1
response,1
inaccurate,1
info,1
event,1
biiiitch,1
mhhh,1
turkey,1
sierra,1
flan,1
mantle,1
caking,1
kevin,1
farts,1
safer,1
storm,1
snorting,1
caskets,1
tia,1
munwat,1
situations,1
sort,1
fasho,1
repossess,1
seem,1
nahh,1
drag,1
homies,1
aggravate,1
stoppppppp,1
addition,1
hacked,1
thrice,1
fart,1
polar,1
mana,1
tuesdays,1
tmobile,1
yooooooo,1
bdubs,1
dyen,1
tone,1
brat,1
pcyech,1
erpetweets,1
chickens,1
pig,1
yumna,1
soz,1
lisa,1
mojo,1
shush,1
shat,1
broo,1
bish,1
thighs,1
macs,1
neh,1
cuidado,1
blessing,1
usually,1
analyze,1
purse,1
45mins,1
memphis,1
blender,1
spaz,1
holly,1
mar,1
huhu,1
5ever,1
sobrang,1
tasnimmm,1
bandoleros,1
los,1
snake,1
retiring,1
hoshi,1
wearin'em,1
shaz,1
heads,1
facebook,1
damnnn,1
theyd,1
income,1
disposable,1
hispanic,1
honee,1
'mind,1
againnnn,1
louderr,1
magician,1
croatian,1
suss,1
greatest,1
olympics,1
gymnast,1
marrrtt,1
owwww,1
graciassssd,1
uya,1
mouths,1
bib,1
dill,1
roasting,1
jewelry,1
murder,1
opposite,1
cos,1
mikes,1
felicia,1
wore,1
wished,1
wheeeeeet,1
portmore,1
monica,1
toooo,1
eatin,1
lindsay,1
rec,1
cierra,1
kylie,1
yaw,1
war,1
hea,1
den,1
bundles,1
cracked,1
karsyn,1
packs,1
sayang,1
yunhyeong,1
iam,1
bougie,1
frapps,1
purple,1
sharlene,1
cvs,1
walll,1
depot,1
kian,1
imagining,1
planned,1
risk,1
heading,1
girrrlllll,1
biiitchh,1
uhhhh,1
wind,1
skies,1
grey,1
ohno,1
harambe's,1
personal,1
hdjagshahs,1
nor,1
tot,1
teary,1
gassy,1
kayla's,1
terrance,1
thoihatetyou,1
picked,1
death,1
covers,1
ineedit,1
crushed,1
coldbrew,1
torture,1
freedom,1
uaisiwjdnjwkkakdkc,1
trekkinggggggggg,1
allllll,1
favor,1
gimmie,1
thea,1
bettttttaaaaa,1
vh1,1
robandchyna,1
ages,1
soooooo,1
grandma,1
thek2,1
goanna,1
yoona,1
anna,1
jonts,1
abused,1
town,1
annoys,1
talia,1
rapist,1
thief,1
uggs,1
oppressed,1
amos,1
embarrassment,1
teasing,1
id's,1
ponche,1
antoja,1
discriminated,1
neeeeeeddd,1
mids,1
smoking,1
monse,1
231,1
truuuuee,1
deadddddddd,1
slaps,1
imy,1
loads,1
military,1
camary,1
ohhhhh,1
pslisback,1
backwoods,1
alli,1
battle,1
bhick,1
peddled,1
dough,1
jalape,1
discontinued,1
zona,1
abc13,1
'underfills',1
claims,1
lawsuit,1
vrt,1
happybraiday,1
kicker,1
carolina,1
casket,1
session,1
unsaved,1
lmfaoooooooooooo,1
returns,1
happily,1
plastic,1
correct,1
smiled,1
kenny,1
ohhhh,1
aycliffe,1
shaugly,1
soaked,1
wishdunkinwasinaruba,1
aruba,1
congrats,1
mitzi,1
manning,1
gif,1
spree,1
oss,1
bms,1
lexi,1
poster,1
download,1
sticky,1
woodstock,1
dues,1
ehn,1
arrived,1
cocaine,1
liquor,1
guessing,1
soundcloud,1
hateee,1
scarletheartryeo,1
traditional,1
autumn,1
shouldve,1
lmaooooooooooo,1
romo,1
metro,1
weeeeaaak,1
cravingggg,1
mcd,1
boxes,1
reunion,1
memes,1
ian,1
else's,1
ohnooo,1
iont,1
cleaning,1
speedway,1
preference,1
margin,1
thats's,1
oblivious,1
fatgirlprobs,1
factory,1
kolache,1
guyyys,1
kanan,1
angie,1
sliding,1
ardd,1
mackerel,1
chevron,1
bee's,1
mesmerized,1
bee,1
bruhh,1
flexin,1
monopoly,1
uses,1
tommrow,1
comfort,1
makeyoustay,1
autistic,1
slim,1
appalled,1
profile,1
westbrook,1
roomie,1
motto,1
wild'n,1
ina,1
bella,1
gordon,1
yung,1
gain,1
sli,1
briefs,1
boxer,1
sexy,1
thongs,1
alwayscraving,1
jalen,1
cryinnnngn,1
beauty,1
alert,1
amber,1
stands,1
inf,1
begging,1
coni,1
highland,1
shaylea,1
llh,1
auc,1
poptart,1
gigi,1
charger,1
denny's,1
9am,1
finishing,1
ship,1
sweetheart,1
youngins,1
mill,1
betgo,1
waitin,1
mochi,1
charmed,1
2020,1
2019,1
starter,1
rooney,1
xbox360,1
blesses,1
britt,1
cashiers,1
applications,1
filled,1
riding,1
youu,1
thaaaank,1
jorge,1
impatient,1
panama,1
sweaa,1
mommy,1
where've,1
hoodies,1
robin,1
mcdonals,1
vent,1
justin's,1
stankin,1
shiiiittt,1
entrance,1
madden,1
realized,1
shouldabeen700,1
cinnamon,1
righteous,1
hills,1
baldwin,1
eps,1
flooded,1
nail,1
timmies,1
rejected,1
perspective,1
dancing,1
marbach,1
fading,1
slurs,1
racist,1
manger,1
pret,1
considered,1
posites,1
yhu,1
studio,1
fitness,1
nikka,1
toss,1
coin,1
karrueche,1
cking,1
ma'am,1
released,1
artist,1
lazy,1
jacklyn,1
jeno,1
heartbeat,1
behave,1
tomisin,1
walford,1
won200,1
instincts,1
ahead,1
highlight,1
staring,1
replies,1
checks,1
yeassss,1
turtle,1
niether,1
murphy,1
networks,1
diff,1
puff,1
powder,1
powerfinale,1
deleted,1
netherlands,1
waitttt,1
susieq,1
ssy,1
progress,1
newark,1
niqqas,1
senior,1
jane,1
wiz,1
ncfc,1
accident,1
hailey,1
erika,1
lawyer,1
amc,1
fountains,1
04',1
hml,1
foreverfunny,1
stuffed,1
alllivesmatter,1
blacklivesmatter,1
reservations,1
bompton,1
fatalattraction,1
juanita,1
lmfaoooooo,1
figure,1
negatives,1
litty,1
marshall,1
instagram,1
fires,1
joking,1
report,1
lily,1
deluxe,1
purchase,1
gladly,1
lmk,1
das,1
lien,1
jobs,1
ebt,1
pin,1
asab,1
dante,1
parts,1
alcoholic,1
tiiiime,1
crust,1
tyrone,1
decide,1
raging,1
skye,1
eater,1
fussiest,1
20s,1
grace,1
probaly,1
airports,1
fought,1
katie,1
donald,1
vote,1
america,1
supply,1
daz,1
priorities,1
sketch,1
ripdollardrinkdays,1
aubameyang,1
oooh,1
finished,1
freeze,1
fees,1
jams,1
grass,1
merb,1
toys,1
suddenly,1
boundaries,1
attendance,1
blimp,1
nickelodeon,1
flames,1
kia,1
hireally2016,1
regulars,1
waits,1
ani,1
ilhsm,1
garbage,1
waller,1
perhaps,1
morata,1
atletico,1
psychology,1
waittt,1
frankie's,1
hacienda,1
sendhelp,1
325,1
chap,1
giroud,1
pur,1
throwing,1
rican,1
puerto,1
stylist,1
pillar,1
human,1
nearly,1
combination,1
napkins,1
mcchickens,1
complain,1
mecca,1
wuteva,1
thid,1
exempt,1
cbu,1
songz,1
pro,1
macbook,1
shuts,1
'we,1
received,1
ayoo,1
clowning,1
chi,1
til,1
ayer,1
playoffs,1
shortie,1
got7,1
whew,1
wrap,1
mcdonalds',1
bitten,1
jaz,1
peen,1
eric,1
spiritual,1
purp,1
grandpa,1
retard,1
orlando,1
sterling,1
abusive,1
victorious,1
cue,1
plummeted,1
sales,1
dealer,1
chilllllllll,1
curry,1
steph,1
player,1
nba,1
skin,1
amar,1
mexican,1
eeemmmmmmmmm,1
get',1
passaic,1
brian,1
excellence,1
kenyan,1
ms13,1
salvadorian,1
pmo,1
bottles,1
taffy,1
variety,1
cupcakes,1
velvet,1
styled,1
meatmeat,1
jamal,1
tttyg,1
diaz,1
undermaintenance,1
failed,1
pinche,1
tori,1
goddammit,1
finessegxds,1
laurens,1
houston,1
gts,1
complaint,1
motherfuckers,1
roast,1
isis,1
ganern,1
pak,1
oowe,1
omfgggg,1
wage,1
minimum,1
ski,1
hangout,1
cell,1
bhai,1
teruk,1
nangis,1
ripashtonshair,1
goodddd,1
volunteers,1
idol,1
rub,1
cabos,1
saaaa,1
suckin,1
demon,1
forever21,1
whet,1
manchesterderby,1
sliplike,1
beti,1
howgh,1
mask,1
backwood,1
puppers,1
divine,1
barcelonatrailerworldpremiere,1
kensington,1
typical,1
wickedness,1
cuddlers,1
bulls,1
coons,1
important,1
canton,1
grabs,1
nutshell,1
pulp,1
'your,1
picks,1
wtttff,1
watchu,1
bringstarbuckstodover2k16,1
happier,1
bio,1
embarrass,1
friendship,1
who'd,1
bruhhhh,1
pam,1
niggah,1
hers,1
cerritos,1
skskskskskskskskssk,1
loooooooooool,1
mah,1
ite,1
you's,1
emison,1
slugs,1
miah,1
points,1
sephora,1
plain,1
7am,1
slowly,1
falling,1
dresss,1
damnn,1
gcses,1
limit,1
sweaaa,1
kristiansund,1
nooooooooo,1
orientation,1
cost,1
adapter,1
phenomenal,1
amazinggggg,1
jelly,1
biko,1
350,1
awarded,1
pens,1
bits,1
fanta,1
threaddddd,1
gahdammit,1
reward,1
reard,1
gold,1
mansion,1
cafe,1
hanging,1
isaac,1
drives,1
scares,1
ucla,1
hickie,1
karreuche,1
murdered,1
instigating,1
waves,1
strawbery,1
recovery,1
strain,1
googled,1
les,1
otw,1
lmaooooooooo,1
bullshittin,1
miller,1
lawddd,1
dory,1
yelling,1
law,1
backdoor,1
stanford,1
mcs,1
michigan,1
biggby,1
utah,1
forced,1
voglio,1
gamble,1
9ja,1
willpower,1
learning,1
temporary,1
yoon,1
experience,1
rollo,1
sittin,1
boontha,1
mutha,1
evaaaaaaaaaaaa,1
jamaican,1
ihop,1
psl's,1
relief,1
joyce,1
xoch,1
bruuuuh,1
bush,1
adam,1
bucket,1
raffle,1
stun,1
youn,1
remothereffing,1
laifsever,1
aidol,1
anke,1
viene,1
andare,1
linden,1
ozy,1
deadtttwalmart,1
crineeeeee,1
mileys,1
duuuuumb,1
timei'm,1
henny,1
booties,1
titties,1
legs,1
whispered,1
snuck,1
clowing,1
meanest,1
crossing,1
successful,1
joined,1
sides,1
kelso,1
introduced,1
bastard,1
patriarchy,1
tooo,1
heating,1
gays,1
playlist,1
unlock,1
guns,1
total,1
kelsey,1
creeps,1
concerts,1
buku,1
prince,1
shutting,1
mf'n,1
selena,1
helsinki,1
revival,1
cryin',1
sal,1
disaster,1
bringit,1
butt,1
bmw,1
brothers,1
faxtssssss,1
zarco,1
shame,1
uprep's,1
fwi,1
lfmaoo,1
jackie,1
mid,1
moto2,1
italian,1
misery,1
reads,1
sits,1
bighit,1
colorado,1
aaliyah,1
area,1
premium,1
natasha,1
neil,1
shuttle,1
closures,1
scheduled,1
bombest,1
eclaire,1
sedapnya,1
dispensaries,1
harder,1
reevaluate,1
boot,1
motogpbuzz,1
motulsuperfan,1
britishgp,1
felicity's,1
110s,1
gerraway,1
dire,1
shakes,1
arianna,1
cyera,1
alrt,1
floods,1
valued,1
stopppppp,1
edc,1
aggy,1
tweezy,1
rats,1
monthly,1
backshots,1
junior,1
spaniard,1
flipping,1
cucks,1
awaaaaay,1
pickles,1
offers,1
uber,1
posed,1
feds,1
edge,1
omarion,1
lock,1
teghese,1
shii,1
ali,1
attached,1
asb,1
include,1
clop,1
gear,1
tail,1
registers,1
atta,1
animal,1
enjoying,1
knoww,1
lashawn,1
cai,1
aretha,1
plsss,1
llf,1
bravos,1
weekends,1
leaning,1
zoo,1
garret,1
nuh,1
hangry,1
sloppiest,1
brandy's,1
stepping,1
goodluck,1
shitttt,1
karreuche's,1
youuu,1
eww,1
ggg,1
igh,1
stuffs,1
druve,1
crossovers,1
paint,1
fello,1
kendahl,1
holdin,1
tutup,1
measurement,1
standing,1
foam,1
posters,1
anthonyyyyy,1
awwwwwww,1
fcking,1
aby,1
sneed,1
lmaoooooooooo,1
serenitea,1
chowking,1
kubo,1
dishes,1
hyping,1
phase,1
capital,1
shirtless,1
laika,1
cougar,1
cub,1
akeen,1
payne,1
entertaining,1
yepp,1
ien,1
jes,1
gaby's,1
pill,1
virgin,1
harvey,1
steve,1
choice,1
cancer,1
gotchu,1
bahahahaha,1
wd4,1
weaaaak,1
